id,empresa_id,nif,email,telefone,morada,ativo,created_at,updated_at,denominacao,nome_contacto,tipo_fornecimento,concelho,cod_postal,codigo,forma_pagamento
"3364fbe8-c358-4531-af5c-83aaf385a239,f82c84b2-cff3-4526-99af-94de4b0878dc,508835305,coimbra@horaciocostalda.pt,239495799,""RUA MONTE S. MIGUEL, ARMAZÉM 5 E 6"",true,2025-11-10 17:51:49.221855+00,2025-11-10 17:51:49.221855+00,""HORÁCIO COSTA III, LDA"",,,COIMBRA,3020-265,Forn-001,a_vista"
"3b3484d8-f72d-4710-9dc7-2202200628c2,f82c84b2-cff3-4526-99af-94de4b0878dc,503459895,geral@maquitudo.com,233929377,""RUA PRINCIPAL, 83 - CASTANHEIRO"",true,2025-11-10 17:51:49.221855+00,2025-11-10 17:51:49.221855+00,""MAQUITUDO, LDA"",,,FIGUEIRA DA FOZ,3080-753,Forn-002,a_vista"
"411b960c-e750-4bb0-95a7-205c2ae8e771,f82c84b2-cff3-4526-99af-94de4b0878dc,510345816,,252249460,""RUA NOSSA SENHORA DE FÁTIMA, 351"",false,2025-11-10 17:51:49.221855+00,2025-11-10 20:06:40.000656+00,""SANIPOWER, S.A"",,,BEIRIZ,4495-364,Forn-003,a_vista"
"45f5c588-890b-4cb5-8e5a-c06425b11c79,f82c84b2-cff3-4526-99af-94de4b0878dc,111111111,,211944944,""AV DOM JOÃO ALVES, LOCAL DA VARZEA"",false,2025-11-10 17:51:49.221855+00,2025-11-10 20:06:40.000656+00,LEROY MERLIN,,,FIGUEIRA DA FOZ,3080-897,Forn-004,a_vista"
"4844b11c-4068-4406-88c7-88666e649a34,f82c84b2-cff3-4526-99af-94de4b0878dc,501093303,mira@tintas2000.pt,231488232,""RUA Dº ANTONIO JOSÉ ALMEIDA, 227"",true,2025-11-10 17:51:49.221855+00,2025-11-10 17:51:49.221855+00,""TINTAS 2000, SA"",,,MIRA,3070-399,Forn-005,a_vista"
"77023415-85fa-4b4d-8796-f18091c9b256,f82c84b2-cff3-4526-99af-94de4b0878dc,508692385,geral@rcd.pt,233098134,""RUA FERNANDO JORGE SOUSA SIMÕES, 1"",true,2025-11-10 17:51:49.221855+00,2025-11-10 17:51:49.221855+00,RCD RESIDUOS DE CONTRUÇÃO,,,QUERIDAS,3090-840,Forn-006,a_vista"
"799ee184-138f-483d-9472-7bd51bfc34e9,f82c84b2-cff3-4526-99af-94de4b0878dc,224822899,coreluzdesigner@gmail.com,961750772,""RUA DAS ESCOLAS, 2877 - R/C"",true,2025-11-10 17:51:49.221855+00,2025-11-10 17:51:49.221855+00,LIANE PATRICIA - COR & LUZ,,,TOCHA,3060-711,Forn-007,a_vista"
"9359d9e2-5306-4ad6-bea7-1385ac31d682,f82c84b2-cff3-4526-99af-94de4b0878dc,504778277,geral@bunhocentro.pt,239607428,""RUA DE ARAZEDE, 963"",true,2025-11-10 17:51:49.221855+00,2025-11-10 17:51:49.221855+00,""BUNHO CENTRO COM. E MAT. DE CONTRUÇÃO, LDA"",,,BUNHOSA,3140-028,Forn-008,a_vista"
"9a0bc7d3-05e0-4681-83fb-663eb3f14877,f82c84b2-cff3-4526-99af-94de4b0878dc,505189119,fozplaza@myforce.pt,910020618,""RUA DOS CIPRESTES, 48"",true,2025-11-10 17:51:49.221855+00,2025-11-10 17:51:49.221855+00,MY FORCE,,,ESTORIL,2765-623,Forn-009,a_vista"
"9cdd58be-9b31-4e51-8e23-f167e50c7708,f82c84b2-cff3-4526-99af-94de4b0878dc,504240285,geral@madeirasafonso.pt,233950955,""RUA DOA BAIRRO, 9100"",true,2025-11-10 17:51:49.221855+00,2025-11-10 17:51:49.221855+00,""MADEIRAS AFONSO, LDA"",,,CARRIÇO,3105-065,Forn-010,a_vista"
"a5139606-57a2-4046-92e1-2c1f4af43148,f82c84b2-cff3-4526-99af-94de4b0878dc,507295919,anacletocacao@hotmail.com,233929275,""RUA DETRÁS DA ESCOLA, 37 - BOM SUCESSO"",true,2025-11-10 17:51:49.221855+00,2025-11-10 17:51:49.221855+00,""ANACLETO CARDOSO CAÇÃO, UNIP LDA"",,,FIGUEIRA DA FOZ,3080-751,Forn-011,a_vista"
"bedbde4a-4e7a-42d0-91fe-fcb697165aee,f82c84b2-cff3-4526-99af-94de4b0878dc,503003808,,210403270,""EST. DE PACO DE ARCOS, 48A"",false,2025-11-10 17:51:49.221855+00,2025-11-10 20:06:40.000656+00,AUCHAN FIGUEIRA DA FOZ,,,PACO DE ARCOS,2770-129,Forn-012,a_vista"
cc2c303b-f4f5-45bf-a68a-98cf8ab6c589,f82c84b2-cff3-4526-99af-94de4b0878dc,506628108,pdv05848@mousquetaires.com,233418932,ESTRADA N 109 - CHÃ,true,2025-11-10 17:51:49.221855+00,2025-11-10 17:51:49.221855+00,BRICO MACHÊ,,,FIGUEIRA DA FOZ,3080-847,Forn-013,a_vista
"cfa16e89-c441-4880-af5e-ea91567e87ee,f82c84b2-cff3-4526-99af-94de4b0878dc,502601370,,233429824,""TRAV. DA RUA DO VISO, 2"",false,2025-11-10 17:51:49.221855+00,2025-11-10 20:06:40.000656+00,""HELENOS, SA"",,,FIGUEIRA DA FOZ,3080-175,Forn-014,a_vista"
"eade0974-f129-4fe1-a183-ee7ac01b1466,f82c84b2-cff3-4526-99af-94de4b0878dc,518312798,atelierdaborracha@gmail.com,968508851,""ESTRADA DE MIRA, ARMAZÉM 1 L 1 M"",true,2025-11-10 17:51:49.221855+00,2025-11-10 17:51:49.221855+00,ATELIER DA BORRACHA,,,FIGUEIRA DA FOZ,3080-026,Forn-015,a_vista"
